{"cameraMode":{"drawMode":0,"name":"Shaded","section":"Shading Mode"},"sceneLighting":true,"audioPlay":false,"sceneViewState":{"m_AlwaysRefresh":false,"showFog":true,"showSkybox":true,"showFlares":true,"showImageEffects":true,"showParticleSystems":true,"showVisualEffectGraphs":true,"m_FxEnabled":true},"in2DMode":false,"pivot":{"x":448.30718994140627,"y":-118.38883972167969,"z":395.4224548339844},"rotation":{"x":0.1286158412694931,"y":-0.8442453145980835,"z":0.23368501663208009,"w":0.46496474742889407},"size":291.4967346191406,"orthographic":false}